{"cameraMode":{"drawMode":0,"name":"Shaded","section":"Shading Mode"},"sceneLighting":false,"audioPlay":false,"sceneViewState":{"showFog":true,"showMaterialUpdate":false,"showSkybox":false,"showFlares":true,"showImageEffects":true,"showParticleSystems":true},"in2DMode":false,"pivot":{"x":0.016498327255249025,"y":1.0106290578842164,"z":0.01049649715423584},"rotation":{"x":-0.19699923694133759,"y":0.7900059223175049,"z":-0.3222540616989136,"w":-0.4829438030719757},"size":4.954721927642822,"orthographic":false}