{"cameraMode":{"drawMode":0,"name":"Shaded","section":"Shading Mode"},"sceneLighting":false,"audioPlay":false,"sceneViewState":{"showFog":true,"showMaterialUpdate":false,"showSkybox":false,"showFlares":true,"showImageEffects":true,"showParticleSystems":true},"in2DMode":false,"pivot":{"x":-7.5161261558532719,"y":2.208653688430786,"z":-8.229225158691407},"rotation":{"x":-0.0854782983660698,"y":0.9124997854232788,"z":-0.3128695487976074,"w":-0.24930179119110108},"size":2.6859970092773439,"orthographic":false}