{"cameraMode":{"drawMode":0,"name":"Shaded","section":"Shading Mode"},"sceneLighting":false,"audioPlay":false,"sceneViewState":{"showFog":true,"showMaterialUpdate":false,"showSkybox":false,"showFlares":true,"showImageEffects":true,"showParticleSystems":true},"in2DMode":false,"pivot":{"x":-3.175633192062378,"y":1.1366521120071412,"z":-0.2144743800163269},"rotation":{"x":-0.10087127983570099,"y":0.7364727854728699,"z":-0.1126706674695015,"w":-0.6593464612960815},"size":2.9686665534973146,"orthographic":false}