{"cameraMode":{"drawMode":0,"name":"Shaded","section":"Shading Mode"},"sceneLighting":false,"audioPlay":false,"sceneViewState":{"showFog":true,"showMaterialUpdate":false,"showSkybox":false,"showFlares":true,"showImageEffects":true,"showParticleSystems":true},"in2DMode":false,"pivot":{"x":460.99505615234377,"y":1018.178466796875,"z":-73.55706024169922},"rotation":{"x":0.0005337887560017407,"y":0.9963792562484741,"z":-0.0847943127155304,"w":0.006272893864661455},"size":912.6394653320313,"orthographic":false}