{"cameraMode":{"drawMode":0,"name":"Shaded","section":"Shading Mode"},"sceneLighting":false,"audioPlay":false,"sceneViewState":{"showFog":true,"showMaterialUpdate":false,"showSkybox":false,"showFlares":true,"showImageEffects":true,"showParticleSystems":true},"in2DMode":false,"pivot":{"x":-0.5210574269294739,"y":-0.46665942668914797,"z":1.0420178174972535},"rotation":{"x":0.4674822986125946,"y":0.16394948959350587,"z":-0.08869484066963196,"w":0.8641260266304016},"size":4.478862762451172,"orthographic":false}