{"cameraMode":{"drawMode":0,"name":"Shaded","section":"Shading Mode"},"sceneLighting":false,"audioPlay":false,"sceneViewState":{"showFog":true,"showMaterialUpdate":false,"showSkybox":false,"showFlares":true,"showImageEffects":true,"showParticleSystems":true},"in2DMode":false,"pivot":{"x":3.692537546157837,"y":1.1599023342132569,"z":35.00669479370117},"rotation":{"x":0.1929805427789688,"y":0.04413755610585213,"z":-0.008689967915415764,"w":0.9801707863807678},"size":3.6596949100494386,"orthographic":false}