{"cameraMode":{"drawMode":0,"name":"Shaded","section":"Shading Mode"},"sceneLighting":false,"audioPlay":false,"sceneViewState":{"showFog":true,"showMaterialUpdate":false,"showSkybox":false,"showFlares":true,"showImageEffects":true,"showParticleSystems":true},"in2DMode":false,"pivot":{"x":-207.69830322265626,"y":7.031786918640137,"z":78.30094146728516},"rotation":{"x":-0.13625368475914002,"y":0.6644631028175354,"z":-0.125035360455513,"w":-0.7240790128707886},"size":40.07102966308594,"orthographic":false}