{"cameraMode":{"drawMode":0,"name":"Shaded","section":"Shading Mode"},"sceneLighting":true,"audioPlay":false,"sceneViewState":{"showFog":true,"showMaterialUpdate":false,"showSkybox":true,"showFlares":true,"showImageEffects":true,"showParticleSystems":true},"in2DMode":false,"pivot":{"x":438.7672424316406,"y":21.734487533569337,"z":783.5513305664063},"rotation":{"x":0.008998421020805836,"y":-0.01799832284450531,"z":0.00016198890807572752,"w":0.999797523021698},"size":0.7622334361076355,"orthographic":fal