{"cameraMode":{"drawMode":0,"name":"Shaded","section":"Shading Mode"},"sceneLighting":false,"audioPlay":false,"sceneViewState":{"showFog":true,"showMaterialUpdate":false,"showSkybox":false,"showFlares":true,"showImageEffects":true,"showParticleSystems":true},"in2DMode":false,"pivot":{"x":-0.2123642861843109,"y":0.6661310195922852,"z":-0.40180516242980959},"rotation":{"x":0.4847313165664673,"y":-0.09540661424398422,"z":0.05329122021794319,"w":0.8678094148635864},"size":2.3586459159851076,"orthographic":false}