{"cameraMode":{"drawMode":0,"name":"Shaded","section":"Shading Mode"},"sceneLighting":false,"audioPlay":false,"sceneViewState":{"showFog":true,"showMaterialUpdate":false,"showSkybox":false,"showFlares":true,"showImageEffects":true,"showParticleSystems":true},"in2DMode":false,"pivot":{"x":1.4289077520370484,"y":0.9456073641777039,"z":-0.43258124589920046},"rotation":{"x":0.2264145016670227,"y":0.16705115139484406,"z":-0.03944864496588707,"w":0.958787739276886},"size":2.2268948554992677,"orthographic":false}