{"cameraMode":{"drawMode":0,"name":"Shaded","section":"Shading Mode"},"sceneLighting":false,"audioPlay":false,"sceneViewState":{"showFog":true,"showMaterialUpdate":false,"showSkybox":false,"showFlares":true,"showImageEffects":true,"showParticleSystems":true},"in2DMode":false,"pivot":{"x":0.018862033262848855,"y":-0.002266913652420044,"z":0.011860495433211327},"rotation":{"x":0.09661199897527695,"y":0.33781152963638308,"z":-0.03488340601325035,"w":0.9355922937393189},"size":1.866703987121582,"orthographic":false}