{"cameraMode":{"drawMode":0,"name":"Shaded","section":"Shading Mode"},"sceneLighting":false,"audioPlay":false,"sceneViewState":{"showFog":true,"showMaterialUpdate":false,"showSkybox":false,"showFlares":true,"showImageEffects":true,"showParticleSystems":true},"in2DMode":false,"pivot":{"x":-0.07856786251068115,"y":-0.05766157805919647,"z":0.39034348726272585},"rotation":{"x":0.04388382285833359,"y":0.9430229067802429,"z":-0.13818679749965669,"w":0.2994788587093353},"size":3.628084659576416,"orthographic":false}